"","items","support","count"
"1","{HYG BEIJING 3DR MIR ROBE OAK E,HYG BEIJING 6DRW CHEST OAK EFF}",0.000108892921960073,3
"2","{DISNEY TRADITIONS COGSWORTH HA,DISNEY TRADITIONS LUMIERE HANG}",0.000108892921960073,3
"3","{OBABY 140 X 70 FOAM MATTRESS,OBABY GRACE COT BED TPE G}",0.000108892921960073,3
"4","{Little Black Book 25mm Venetian Blind - W160xL160cm - White,Little Black Book 25mm Venetian Blind - W60xL160cm - White}",0.000108892921960073,3
"5","{Zerowater 23 Cup Water Filter Jug - Blue,Zerowater Replacement Water Filter - 4 Pack}",0.000108892921960073,3
"6","{LEGATO 2DRW BEDSIDE CASHMERE G,LEGATO 5DRW CHEST CASHMERE GLO}",0.000108892921960073,3
"7","{HOTPOINT RLAAV22K FRIDGE B,HOTPOINT RZAAV22K FREEZER BLAC}",0.000108892921960073,3
"8","{PAISLEY NATURAL HWIFE PILLOWCA,PAISLEY NATURAL KINGSZE DUVET}",0.000108892921960073,3
"9","{25MM BASSWOOD VEN BLIND GREY,25MM BASSWOOD VEN BLIND GREY 1}",0.000108892921960073,3
"10","{BEL C/CENTRE 90G BLK INST,Belling Cookcentre 90G Gas Range Cooker - Black}",0.000108892921960073,3
"11","{Fallout 76 Xbox One Pre-Order Game,Hitman 2 Xbox One Pre-Order Game}",0.000108892921960073,3
"12","{MR ENT BT CDG BOOMBOX KARAOKE,MR ENT KARAOKE CDG XMAS HITS}",0.000108892921960073,3
"13","{FRESHPARK SCOOTER - BLACK,FRESHPARK SCOOTER - RED}",0.000108892921960073,3
"14","{9IE DORMEO MEMOSAN DELUXE PIL,DORMEO RENEW MEMORY SVR +TOPPE}",0.000108892921960073,3
"15","{Hagrid Mini Bell Jar Light,Hermione Mini Bell Jar Light}",0.000108892921960073,3
"19","{OBABY 140 X 70 POCKET SPRUNG M,OBABY WHITBY COT BED WHITE}",0.000108892921960073,3
"20","{GRAFIK WALL LIGHT SWIRL,SCALEA 1 DECO CEILING LIGHT RO}",0.000108892921960073,3
"21","{DISNEY PRINCESS SLING BOOKCASE,PAW PATROL SLING BOOKCASE}",0.000108892921960073,3
"22","{BILLIE FAIERS MB30 PINK STRIPE,MY BABIIE PINK STRIPES COSYTOE}",0.000108892921960073,3
"23","{NuBand Activity Tracker - Lilac,NUBAND ACTIVITY TRACKER LILAC}",0.000108892921960073,3
"25","{Russell Hobbs RHUCFZ55B Under Counter Freezer - Black,Russell Hobbs RHUCLF55B Under Counter Larder - Black}",0.000108892921960073,3
"27","{Hotpoint RLAAV22P Under Counter Fridge - White,HOTPOINT RZAAV22P FREEZER WHIT}",0.000108892921960073,3
"33","{WESTBORN-BRODERIE ANGLAISE PIN,WESTBORN-KINDER VALLEY OPAL FO}",0.000108892921960073,3
"35","{HOTPOINT RLAAV22P FRIDGE W,INDESIT TAKEBACK}",0.000108892921960073,3
"38","{HOTPOINT FET 70B P  UK  TUMBLE,INDESIT TAKEBACK}",0.000108892921960073,3
"39","{NUBAND ACTIVITY  TRACKER NAVY,NUBAND ACTIVITY TRACKER LILAC}",0.000108892921960073,3
"40","{FALLOUT 76 PS4 PREORDER,HITMAN 2  PS4 PREORDER}",0.000108892921960073,3
"41","{Battlefield V Xbox One Pre-Order Game,Fallout 76 Xbox One Pre-Order Game}",0.000108892921960073,3
"44","{OBABY 140 X 70 POCKET SPRUNG M,Obaby Whitby Cot Bed Wht with}",0.000108892921960073,3
"46","{HOTPOINT TVFM70BGP TUMBLE DRYE,INDESIT TAKEBACK}",0.000108892921960073,3
"50","{Fortnite: Deep Freeze Xbox One Pre-Order Game,Spyro Reignited Trilogy Xbox One Pre-Order Game}",0.000108892921960073,3
"51","{50MM BASSWOOD VEN BLIND GREY 1,50MM BASSWOOD VEN BLIND WHITE}",0.000108892921960073,3
"54","{BATTLEFIELD V  PS4,FALLOUT 76 PS4 PREORDER}",0.000108892921960073,3
"57","{Nintendo Switch & Pokemon Let's Go Pikachu! Bundle Pre-Order,Nintendo Switch & Pokemon Let's Go, Eevee! Bundle Pre-Order}",0.000108892921960073,3
"64","{FORNITE SWITCH PREORDER,SWITCH NEON W CB AND ACC PK}",0.000108892921960073,3
"67","{LETS GO EEVEE  SWITCH,SUPER SMASH BROS  ULT LIM ED S}",0.000108892921960073,3
"69","{FALLOUT 76 XB1 PREORDER,SPYRO TRILOGY REIGNITED   XB1}",0.000108892921960073,3
"71","{Pokemon Let's Go Eevee Nintendo Switch Pre-Order Game,SUPER SMASH BROS SWITCH PREORD}",0.000108892921960073,3
"75","{LETS GO PIKACHU AND POKE BALL,SUPER SMASH BROS SWITCH PREORD}",0.000108892921960073,3
"78","{LETS GO EEVEE  SWITCH,LETS GO PIKACHU AND POKE BALL}",0.000108892921960073,3
"84","{Call of Duty Cash Stash Flashl,Call of Duty Water Bottle,Nuketown Heat Change Mug}",0.000108892921960073,3
"16","{Obaby 140 x 70cm Foam Cot Bed Mattress.,Obaby Whitby Cot Bed - White with Taupe Grey}",0.00014519056261343,4
"17","{Hermione Mini Bell Jar Light,Ron Mini Bell Jar Light}",0.00014519056261343,4
"18","{INDESIT IDCE8450BKH TUMBLE DRY,INDESIT TAKEBACK}",0.00014519056261343,4
"24","{50MM BASSWOOD VEN BLIND GREY 1,50MM BASSWOOD VEN BLIND GREY 6}",0.00014519056261343,4
"26","{SIM Free Huawei Mate 20 Pro 128GB Mobile-Twilight Pre Order,SIM FREE HUAWEI MATE 20 PRO TW}",0.00014519056261343,4
"28","{Indesit BWE91484X 9KG 1400 Spin Washing Machine - Silver,Indesit Recycling Service - Large Kitchen Appliance Removal}",0.00014519056261343,4
"34","{HOTPOINT RLAAV22P FRIDGE W,HOTPOINT RZAAV22P FREEZER WHIT}",0.00014519056261343,4
"37","{SIM FREE 105 2017 BLUE,SIM FREE NOKIA 105 2017 WHITE}",0.00014519056261343,4
"42","{HOTPOINT RPD 10657J X UK WM ST,INDESIT TAKEBACK}",0.00014519056261343,4
"48","{BLACK 65L BUILT IN ELECTRIC FA,RUSSELL HOBBS INDUCTION HOB}",0.00014519056261343,4
"49","{SS EFFECT 55 CM WIDEUCFREESTAN,SS EFFECT 55CM WIDE UC FRIDGE}",0.00014519056261343,4
"53","{Call of Duty Water Bottle,Nuketown Heat Change Mug}",0.00014519056261343,4
"60","{BLACK 65L BUILT IN ELECTRIC FA,BLACK GLASS 60CM WIDE 4ZONE EL}",0.00014519056261343,4
"66","{LETS GO PIKACHU AND POKE BALL,SUPER SMASH BROS  ULT LIM ED S}",0.00014519056261343,4
"68","{Pokemon Let's Go Eevee Nintendo Switch Pre-Order Game,Super Smash Bros Ultimate Nintendo Switch Pre-Order Game}",0.00014519056261343,4
"72","{FALLOUT 76 PS4 PREORDER,SPYRO TRILOGY REIGNITED   PS4}",0.00014519056261343,4
"74","{LETS GO PIKACHU AND POKE BALL,SPYRO TRILOGY REIGNITED   PS4}",0.00014519056261343,4
"82","{MEOS SWING ARM TV WALL BRACKET,Proper Tilt and Swivel Up to 42 Inch TV Wall Bracket}",0.00014519056261343,4
"29","{Russell Hobbs RHUCFZ55SS Under Counter Freezer - S/Steel,Russell Hobbs RHUCLF5SS Undercounter Larder Fridge - S/Steel}",0.000181488203266788,5
"30","{GAME CUBE CONTROLLER,GAME CUBE CONTROLLER ADAPTER}",0.000181488203266788,5
"31","{DISNEY FROZEN CDG DISC,DISNEY KARAOKE PRINCESS CDG}",0.000181488203266788,5
"32","{TEDDY IN THE PARK MOSES BASKET,WESTBORN-KINDER VALLEY CLASSIC}",0.000181488203266788,5
"36","{OBABY 140 X 70 FOAM MATTRESS,Obaby Whitby Cot Bed Whte with}",0.000181488203266788,5
"45","{Russell Hobbs RHUCFZ55 Under Counter Freezer - White,Russell Hobbs RHUCLF55 Under Counter Larder - White}",0.000181488203266788,5
"47","{FALLOUT 76 PS4 PREORDER,JUST CAUSE 4 PS4}",0.000181488203266788,5
"63","{25MM BASSWOOD VEN BLIND WHITE,50MM BASSWOOD VEN BLIND WHITE}",0.000181488203266788,5
"43","{AVF BLACK AND CHROME TV STAND,AVF Classic Up to 60 Inch TV Stand - Black}",0.000217785843920145,6
"52","{Call of Duty Cash Stash Flashl,Call of Duty Water Bottle}",0.000217785843920145,6
"56","{Nintendo Switch Console Neon, Crash Bandicoot & Acc Pack,SWITCH NEON W CB AND ACC PK}",0.000217785843920145,6
"59","{INDESIT IS 41 V  UK  DRYER,INDESIT TAKEBACK}",0.000217785843920145,6
"73","{LETS GO EEVEE AND POKE BALL PL,LETS GO PIKACHU AND POKE BALL}",0.000217785843920145,6
"55","{Call of Duty Cash Stash Flashl,Nuketown Heat Change Mug}",0.000254083484573503,7
"70","{Pokemon Let's Go Eevee Nintendo Switch Pre-Order Game,Pokemon Let's Go Pikachu Nintendo Switch Pre-Order Game}",0.000254083484573503,7
"76","{LETS GO EEVEE  SWITCH,SUPER SMASH BROS SWITCH PREORD}",0.00029038112522686,8
"77","{LETS GO PIKACHU  SWITCH,SUPER SMASH BROS SWITCH PREORD}",0.00029038112522686,8
"81","{FORNITE SWITCH PREORDER,FORTNITE PS4}",0.00029038112522686,8
"62","{SS EFFECT 55 CM WIDEUCFREESTAN,SS EFFECT 55CM WIDE UC LARDER}",0.000362976406533575,10
"65","{RUSSELL HOBBS RHUCFZ55 UC FREE,RUSSELL HOBBS RHUCLF55 UC LARD}",0.000362976406533575,10
"61","{OBABY 140 X 70 FOAM MATTRESS,Obaby Whitby Cot Bed Wht with}",0.000399274047186933,11
"79","{LETS GO EEVEE  SWITCH,LETS GO PIKACHU  SWITCH}",0.000399274047186933,11
"58","{RUSSELL HOBBS RHUCFZ55B UC FRE,RUSSELL HOBBS RHUCLF55B UC LAR}",0.00043557168784029,12
"83","{FORTNITE PS4,FORTNITE XB1}",0.00043557168784029,12
"80","{FORNITE SWITCH PREORDER,FORTNITE XB1}",0.000471869328493648,13
